{ "frames": {
   "sector1-ext-0.ase": {
    "frame": { "x": 0, "y": 0, "w": 256, "h": 256 },
    "rotated": false,
    "trimmed": false,
    "spriteSourceSize": { "x": 0, "y": 0, "w": 256, "h": 256 },
    "sourceSize": { "w": 256, "h": 256 },
    "duration": 100
   }
 },
 "meta": {
  "app": "https://www.aseprite.org/",
  "version": "1.2.30-x64",
  "image": "sector1-ext-0.png",
  "format": "RGBA8888",
  "size": { "w": 256, "h": 256 },
  "scale": "1",
  "layers": [
   { "name": "Layer", "opacity": 255, "blendMode": "normal" }
  ],
  "slices": [
  ]
 }
}
